{"filter":false,"title":"insulin.json","tooltip":"/insulin.json","undoManager":{"mark":0,"position":0,"stack":[[{"start":{"row":0,"column":0},"end":{"row":30,"column":1},"action":"insert","lines":["{","   \"molecules\":{","      \"lsInsulin\":\"malwmrllpllallalwgpdpaaa\",","      \"bInsulin\":\"fvnqhlcgshlvealylvcgergffytpkt\",","      \"aInsulin\":\"giveqcctsicslyqlenycn\",","      \"cInsulin\":\"rreaedlqvgqvelgggpgagslqplalegslqkr\"","   },","   \"weights\":{","      \"A\":89.09,","      \"C\":121.16,","      \"D\":133.10,","      \"E\":147.13,","      \"F\":165.19,","      \"G\":75.07,","      \"H\":155.16,","      \"I\":131.17,","      \"K\":146.19,","      \"L\":131.17,","      \"M\":149.21,","      \"N\":132.12,","      \"P\":115.13,","      \"Q\":146.15,","      \"R\":174.20,","      \"S\":105.09,","      \"T\":119.12,","      \"V\":117.15,","      \"W\":204.23,","      \"Y\":181.19","   },","   \"molecularWeightInsulinActual\":5807.63","}"],"id":1}]]},"ace":{"folds":[],"scrolltop":0,"scrollleft":0,"selection":{"start":{"row":30,"column":1},"end":{"row":30,"column":1},"isBackwards":false},"options":{"guessTabSize":true,"useWrapMode":false,"wrapToView":true},"firstLineState":0},"timestamp":1719654325636,"hash":"c4994e284083217c9d005106320d0042871cb2ad"}